시료번호,채취일,기재자,밀도,비고
SD-01,2025-10-02,A,2.3,
SD-02,2025-10-02,A,2.29,
SD-03,2025-10-02,A,2.38,
SD-04,2025-10-02,A,2.28,엽리 약함
SD-05,2025-10-02,A,2.29,
SD-06,2025-10-02,A,2.37,
SD-07,2025-10-02,A,2.29,
SD-08,2025-10-02,A,-999.0,"시료 파손, 측정 못 함"
SD-09,2025-10-02,A,2.34,
SD-10,2025-10-02,A,2.32,
SD-11,2025-10-03,B,2.32,
SD-12,2025-10-03,B,23.1,
SD-13,2025-10-03,B,2.28,
SD-14,2025-10-03,B,2.23,
SD-15,2025-10-03,B,2.37,탄질물 포함
SD-16,2025-10-03,B,2.29,
SD-17,2025-10-03,B,2.05,"풍화 심함, 손으로 부서짐"
SD-18,2025-10-03,B,2.34,
SD-19,2025-10-03,B,2.3,
SD-20,2025-10-03,B,2.25,
SD-21,2025-10-09,C,2220.0,
SD-22,2025-10-09,C,2400.0,
SD-23,2025-10-09,C,2310.0,
SD-24,2025-10-09,C,2270.0,
SD-25,2025-10-09,C,2320.0,
SD-26,2025-10-09,C,2.28,
SD-27,2025-10-09,C,3.22,
SD-28,2025-10-09,C,2.31,
SD-29,2025-10-09,C,2.3,
SD-30,2025-10-09,C,2.3,사층리
SD-31,2025-10-10,D,2.34,
SD-32,2025-10-10,D,2.35,
SD-33,2025-10-10,D,2.58,"석영 교결, 매우 단단함"
SD-34,2025-10-10,D,2.27,
SD-35,2025-10-10,D,2.27,
SD-36,2025-10-10,D,2.32,
SD-37,2025-10-10,D,2.33,
SD-38,2025-10-10,D,2.34,
SD-39,2025-10-10,D,2.31,
SD-40,2025-10-10,D,2.33,
